Type,Average,Values...
bubble-time,0.0031115009961649774,0.00303869997151196,0.00307160010561347,0.002957999939098954,0.0030670000705868006,0.0030338000506162643,0.0030324000399559736,0.0028026998043060303,0.003497599856927991,0.0030606999062001705,0.002926499815657735,0.0032784000504761934,0.0030631001573055983,0.002991700079292059,0.003245400032028556,0.0031273001804947853,0.0032556999940425158,0.003346499986946583,0.0030011998023837805,0.00354669988155365,0.002898799953982234,0.0029815000016242266,0.002927500056102872,0.002747999969869852,0.0034419000148773193,0.0029768000822514296,0.003263500053435564,0.0032054998446255922,0.0031747999601066113,0.0030354000627994537,0.003919399809092283,0.0028059999458491802,0.003135200124233961,0.00299849989823997,0.0037283001001924276,0.0032067999709397554,0.002937900135293603,0.0029037001077085733,0.0037599001079797745,0.002696799812838435,0.0030115998815745115,0.0031252000480890274,0.003136199899017811,0.002956099808216095,0.003236199961975217,0.0029567000456154346,0.0030094999819993973,0.003170900046825409,0.0037464997731149197,0.003045500023290515,0.003101400099694729,0.00297220004722476,0.0028337000403553247,0.00266700005158782,0.003991399891674519,0.0029402999207377434,0.002948399865999818,0.003047799924388528,0.0029372000135481358,0.0029937000945210457,0.002932199975475669,0.00306560005992651,0.0028498999308794737,0.003120899898931384,0.002933399984613061,0.003099400084465742,0.0031741000711917877,0.0029585999436676502,0.004322499968111515,0.002717000199481845,0.002978699980303645,0.0031373000238090754,0.0031222000252455473,0.0029263999313116074,0.002885499969124794,0.003063000040128827,0.003029000014066696,0.0029986000154167414,0.0029697001446038485,0.003336399793624878,0.0031064001377671957,0.0030332000460475683,0.0027455000672489405,0.0028999000787734985,0.003092600032687187,0.003105300012975931,0.0040849000215530396,0.003174399957060814,0.0029549000319093466,0.002828099997714162,0.002979600103572011,0.0030479999259114265,0.003119699889793992,0.003147199982777238,0.00356299988925457,0.0029190999921411276,0.0031143000815063715,0.00320159993134439,0.0032659999560564756,0.003359400201588869,0.0028679000679403543
bubble-swap,2436.55,2774,2358,2228,2575,2397,2577,2314,2712,2461,2236,2534,2199,2621,2582,2370,2633,2369,2568,2333,2502,2377,2338,2444,2470,2430,2559,2555,2334,2338,2474,2083,2444,2246,2599,2414,2244,2348,2621,2200,2164,2541,2404,2468,2379,2185,2529,2767,2494,2618,2517,2613,2006,2100,2560,2270,2273,2351,2549,2292,2379,2544,2358,2475,2469,2470,2504,2635,2729,2511,2387,2373,2841,2519,2234,2487,2166,2795,2347,2440,2457,2307,2213,2263,2411,2281,2336,2599,2174,2190,2498,2350,2581,2865,2472,2403,2371,2755,2408,2787,2330
bubble-comp,4879.49,4914,4922,4929,4905,4949,4940,4572,4947,4950,4859,4935,4884,4940,4914,4950,4944,4884,4845,4872,4814,4814,4949,4760,4859,4884,4895,4940,4922,4935,4935,4797,4935,4914,4895,4884,4884,4940,4895,4515,4859,4940,4884,4884,4905,4895,4872,4814,4929,4940,4944,4947,4914,4929,4929,4719,4760,4859,4922,4872,4895,4845,4830,4845,4830,4922,4814,4922,4944,4740,4929,4905,4940,4922,4845,4922,4872,4914,4779,4884,4935,4905,4625,4872,4760,4830,4760,4929,4935,4779,4929,4944,4950,4814,4935,4797,4922,4947,4914,4935,4895
insert-time,0.0013467280031181873,0.00142959994263947,0.0011815999168902636,0.001307999948039651,0.0014593999367207289,0.0013830000534653664,0.0013969999272376299,0.0012101000174880028,0.0015150001272559166,0.001266599865630269,0.0011601001024246216,0.0013260000851005316,0.0015360000543296337,0.0015002000145614147,0.0014406000263988972,0.0015533999539911747,0.001449699979275465,0.0012262999080121517,0.0013975000474601984,0.0012703998945653439,0.0013327999040484428,0.0017817001789808273,0.0012662999797612429,0.0011742999777197838,0.0013185001444071531,0.0013046001549810171,0.0013574999757111073,0.0014545000158250332,0.00145650003105402,0.0011929001193493605,0.001356600085273385,0.0011199000291526318,0.0012434001546353102,0.0012189000844955444,0.0013552999589592218,0.0013162000104784966,0.001202399842441082,0.001404500100761652,0.0013170999009162188,0.0011935001239180565,0.0011545999441295862,0.00137339998036623,0.0012436998076736927,0.0015867999754846096,0.001306300051510334,0.001268099993467331,0.001442299922928214,0.0015221999492496252,0.0012222998775541782,0.0014961999841034412,0.0014139001723378897,0.0013989000581204891,0.0010192000772804022,0.0010466000530868769,0.00137339998036623,0.0013036997988820076,0.0011873000767081976,0.0012947001960128546,0.0014593000523746014,0.0012030999641865492,0.0012847001198679209,0.0014216999989002943,0.0013039999175816774,0.001317300135269761,0.0012935001868754625,0.0013464000076055527,0.001397899817675352,0.0013458000030368567,0.0014122000429779291,0.0011919999960809946,0.001261299941688776,0.0012584999203681946,0.0016280000563710928,0.0013059999328106642,0.0012076001148670912,0.0012805999722331762,0.0024562000762671232,0.001494700089097023,0.0012160998303443193,0.0013237998355180025,0.0012926999479532242,0.0012419999111443758,0.0012020000722259283,0.0012749000452458858,0.001213399926200509,0.0012411000207066536,0.0013516000472009182,0.0013962998054921627,0.0012944000773131847,0.001121999928727746,0.0012980001047253609,0.001366900047287345,0.002078799996525049,0.0015004000160843134,0.0011838998179882765,0.0012810002081096172,0.0012512998655438423,0.001553799957036972,0.001390600111335516,0.0015336000360548496,0.001161899883300066
insert-swap,2436.55,2774,2358,2228,2575,2397,2577,2314,2712,2461,2236,2534,2199,2621,2582,2370,2633,2369,2568,2333,2502,2377,2338,2444,2470,2430,2559,2555,2334,2338,2474,2083,2444,2246,2599,2414,2244,2348,2621,2200,2164,2541,2404,2468,2379,2185,2529,2767,2494,2618,2517,2613,2006,2100,2560,2270,2273,2351,2549,2292,2379,2544,2358,2475,2469,2470,2504,2635,2729,2511,2387,2373,2841,2519,2234,2487,2166,2795,2347,2440,2457,2307,2213,2263,2411,2281,2336,2599,2174,2190,2498,2350,2581,2865,2472,2403,2371,2755,2408,2787,2330
insert-comp,2535.55,2873,2457,2327,2674,2496,2676,2413,2811,2560,2335,2633,2298,2720,2681,2469,2732,2468,2667,2432,2601,2476,2437,2543,2569,2529,2658,2654,2433,2437,2573,2182,2543,2345,2698,2513,2343,2447,2720,2299,2263,2640,2503,2567,2478,2284,2628,2866,2593,2717,2616,2712,2105,2199,2659,2369,2372,2450,2648,2391,2478,2643,2457,2574,2568,2569,2603,2734,2828,2610,2486,2472,2940,2618,2333,2586,2265,2894,2446,2539,2556,2406,2312,2362,2510,2380,2435,2698,2273,2289,2597,2449,2680,2964,2571,2502,2470,2854,2507,2886,2429
select-time,0.00039324900135397913,0.000354300020262599,0.00036809989251196384,0.00043109990656375885,0.00038720015436410904,0.0003996000159531832,0.0003825998865067959,0.0003525000065565109,0.00038899993523955345,0.0004420999903231859,0.0004048999398946762,0.00036869989708065987,0.00034900009632110596,0.0003937000874429941,0.00042310007847845554,0.00040040002204477787,0.0003831000067293644,0.000359599944204092,0.0004358000587671995,0.00038700015284121037,0.0004070000723004341,0.0003825000021606684,0.00036690011620521545,0.0004308999050408602,0.00035140011459589005,0.0003629999700933695,0.00038730003871023655,0.00037949997931718826,0.00037400005385279655,0.00036700000055134296,0.00038340012542903423,0.0003939000889658928,0.0003744000568985939,0.00041559990495443344,0.00039410009048879147,0.00038189999759197235,0.0004029001574963331,0.0003738000523298979,0.00044849980622529984,0.00042910012416541576,0.00037599983625113964,0.00040389993228018284,0.0003712000325322151,0.0004447998944669962,0.0003985001239925623,0.0004040999338030815,0.0004159000236541033,0.0003853999078273773,0.00039050006307661533,0.000382099999114871,0.00039279996417462826,0.0003692000173032284,0.0004172001499682665,0.00035419990308582783,0.00037589995190501213,0.0003831998910754919,0.0003706999123096466,0.0003891000524163246,0.0003986000083386898,0.00042319996282458305,0.0004062999505549669,0.00041060009971261024,0.0004141000099480152,0.00037869997322559357,0.0003730999305844307,0.0003713001497089863,0.00039510009810328484,0.00039199995808303356,0.00036010006442666054,0.0003472999669611454,0.00035859993658959866,0.00039900001138448715,0.00037519983015954494,0.00036239996552467346,0.00036800000816583633,0.00042940001003444195,0.0004195999354124069,0.000367600005120039,0.0003706999123096466,0.0004094999749213457,0.0003736999351531267,0.0004181999247521162,0.00034229992888867855,0.00038720015436410904,0.00040259980596601963,0.0003837000112980604,0.00044260011054575443,0.0007225999142974615,0.00041390000842511654,0.0004048999398946762,0.00036770012229681015,0.00037240004166960716,0.00040900008752942085,0.0004054000601172447,0.00035610003396868706,0.000399499898776412,0.0003838001284748316,0.00036639999598264694,0.0004200001712888479,0.0004057998303323984,0.0003730999305844307
select-swap,94.45,96,92,94,97,97,97,96,98,93,94,96,95,95,94,92,91,95,94,95,94,95,94,96,94,92,91,89,94,92,96,93,94,94,93,94,92,94,93,96,96,97,98,94,97,97,93,93,98,94,95,99,92,92,92,94,95,95,93,94,93,96,94,93,93,94,98,97,93,93,93,93,93,93,96,95,94,97,97,96,95,95,93,97,93,97,92,93,94,94,96,96,95,93,92,93,97,97,94,93,96
select-comp,5044.45,5046,5042,5044,5047,5047,5047,5046,5048,5043,5044,5046,5045,5045,5044,5042,5041,5045,5044,5045,5044,5045,5044,5046,5044,5042,5041,5039,5044,5042,5046,5043,5044,5044,5043,5044,5042,5044,5043,5046,5046,5047,5048,5044,5047,5047,5043,5043,5048,5044,5045,5049,5042,5042,5042,5044,5045,5045,5043,5044,5043,5046,5044,5043,5043,5044,5048,5047,5043,5043,5043,5043,5043,5043,5046,5045,5044,5047,5047,5046,5045,5045,5043,5047,5043,5047,5042,5043,5044,5044,5046,5046,5045,5043,5042,5043,5047,5047,5044,5043,5046
naive-time,0.007309685985092074,0.007367099868133664,0.007260899990797043,0.007815700024366379,0.007487700087949634,0.007454299833625555,0.007967300014570355,0.00601850007660687,0.00762729998677969,0.008125900058075786,0.0068026999942958355,0.007747599855065346,0.0069506000727415085,0.007731299847364426,0.00784810003824532,0.007810400100424886,0.007680599810555577,0.006946200039237738,0.006981800077483058,0.006842700066044927,0.007216800004243851,0.0067975998390465975,0.008008399978280067,0.006356900092214346,0.006966900080442429,0.007005299907177687,0.007215899880975485,0.007559599820524454,0.007479999912902713,0.007556999800726771,0.007650400046259165,0.006856200052425265,0.0073627999518066645,0.007035800023004413,0.00730750011280179,0.006964700063690543,0.007181399967521429,0.007379599846899509,0.0071558000054210424,0.006045399932190776,0.007007099920883775,0.00796680012717843,0.0074362000450491905,0.007092999992892146,0.007221899926662445,0.006760800024494529,0.007170999888330698,0.007235700031742454,0.007491699885576963,0.007496500154957175,0.007660199888050556,0.007818100042641163,0.0068617998622357845,0.0075374997686594725,0.007468200055882335,0.006305900169536471,0.006444199942052364,0.007095699897035956,0.007321700220927596,0.007139499997720122,0.007116999942809343,0.007551399990916252,0.006929399911314249,0.00701990001834929,0.007164900191128254,0.0073535998817533255,0.007339000003412366,0.007977899862453341,0.008103800006210804,0.006671700160950422,0.007596000097692013,0.0070507999043911695,0.00776329985819757,0.007127000018954277,0.0070436999667435884,0.007234799908474088,0.006828499957919121,0.00745539995841682,0.006801699986681342,0.007221499923616648,0.0074748999904841185,0.007733599981293082,0.006220199866220355,0.007097200024873018,0.00691620004363358,0.006962900049984455,0.006693300092592835,0.007738600019365549,0.008261100156232715,0.0066854998003691435,0.007640100084245205,0.007480899803340435,0.008583900053054094,0.007183299865573645,0.0072830000426620245,0.0067800001706928015,0.009456300176680088,0.007846199907362461,0.00795609992928803,0.008107899921014905,0.0074118999764323235
naive-swap,2436.55,2774,2358,2228,2575,2397,2577,2314,2712,2461,2236,2534,2199,2621,2582,2370,2633,2369,2568,2333,2502,2377,2338,2444,2470,2430,2559,2555,2334,2338,2474,2083,2444,2246,2599,2414,2244,2348,2621,2200,2164,2541,2404,2468,2379,2185,2529,2767,2494,2618,2517,2613,2006,2100,2560,2270,2273,2351,2549,2292,2379,2544,2358,2475,2469,2470,2504,2635,2729,2511,2387,2373,2841,2519,2234,2487,2166,2795,2347,2440,2457,2307,2213,2263,2411,2281,2336,2599,2174,2190,2498,2350,2581,2865,2472,2403,2371,2755,2408,2787,2330
naive-comp,8823,9000,9100,9200,8900,9700,9400,7100,9600,9900,8500,9300,8700,9400,9000,9800,9500,8700,8400,8600,8200,8200,9700,7900,8500,8700,8800,9400,9100,9300,9300,8100,9300,9000,8800,8700,8700,9400,8800,6900,8500,9400,8700,8700,8900,8800,8600,8200,9200,9400,9500,9600,9000,9200,9200,7700,7900,8500,9100,8600,8800,8400,8300,8400,8300,9100,8200,9100,9500,7800,9200,8900,9400,9100,8400,9100,8600,9000,8000,8700,9300,8900,7300,8600,7900,8300,7900,9200,9300,8000,9200,9500,9900,8200,9300,8100,9100,9600,9000,9300,8800
rpe-time,0.12017843299778179,0.11379930004477501,0.10385009995661676,0.09661809983663261,0.12333619990386069,0.111748400144279,0.12039439985528588,0.10827690013684332,0.13146149995736778,0.11356179998256266,0.1144127999432385,0.12470249994657934,0.10493460018187761,0.12108059995807707,0.1197144000325352,0.11372120003215969,0.12099510012194514,0.12691530003212392,0.11684329994022846,0.11883259983733296,0.13718710001558065,0.11481960001401603,0.09724839986301959,0.0995143000036478,0.11109400005079806,0.12243590014986694,0.10458129993639886,0.11584310000762343,0.1251030000858009,0.13548159995116293,0.11288120015524328,0.09391180006787181,0.12304520001634955,0.12276400020346045,0.1190875000320375,0.13164960010908544,0.12772039999254048,0.11030779988504946,0.13204729999415576,0.12301320000551641,0.11273090005852282,0.11874799989163876,0.13143690000288188,0.11747419997118413,0.11773600010201335,0.11494560004211962,0.12064470001496375,0.13932479987852275,0.10787849989719689,0.1214725999161601,0.11709320009686053,0.1131923000793904,0.10851039993576705,0.09695959999226034,0.11223399988375604,0.10896780015900731,0.1226792000234127,0.11572919995523989,0.12200010009109974,0.1174357000272721,0.1289443001151085,0.12140419986099005,0.12098290002904832,0.12223690003156662,0.12142490013502538,0.11617009993642569,0.12734700017608702,0.1272636998910457,0.1392532999161631,0.1410732998047024,0.1279893999453634,0.11886930000036955,0.14080619998276234,0.11565489997155964,0.12483199988491833,0.12235739990137517,0.12094649998471141,0.13752069999463856,0.11386149981990457,0.1747893998399377,0.11228589992970228,0.12972590001299977,0.11031090002506971,0.16740830009803176,0.12201700010336936,0.11595540004782379,0.11704969988204539,0.12452000007033348,0.12995680002495646,0.11259229993447661,0.10159619990736246,0.09680019994266331,0.10978930001147091,0.1271468000486493,0.11028079991228878,0.1183305000886321,0.12334579997695982,0.13456339994445443,0.13289060001261532,0.13188989995978773,0.12353060021996498
rpe-swap,2436.55,2774,2358,2228,2575,2397,2577,2314,2712,2461,2236,2534,2199,2621,2582,2370,2633,2369,2568,2333,2502,2377,2338,2444,2470,2430,2559,2555,2334,2338,2474,2083,2444,2246,2599,2414,2244,2348,2621,2200,2164,2541,2404,2468,2379,2185,2529,2767,2494,2618,2517,2613,2006,2100,2560,2270,2273,2351,2549,2292,2379,2544,2358,2475,2469,2470,2504,2635,2729,2511,2387,2373,2841,2519,2234,2487,2166,2795,2347,2440,2457,2307,2213,2263,2411,2281,2336,2599,2174,2190,2498,2350,2581,2865,2472,2403,2371,2755,2408,2787,2330
rpe-comp,9417.6,9868,8527,8624,9536,9000,9565,8701,10654,9641,9014,9668,8268,9419,9829,9439,9384,9997,9261,9025,10129,9596,8421,8417,9330,11026,9465,9745,8822,10781,8451,7402,9371,9585,9421,10062,9599,8582,9942,9795,8476,9288,10068,9338,8961,8839,9232,10546,8964,10563,9641,10034,9802,8710,9821,8541,9518,8891,9744,9324,9192,9613,9390,9566,9330,8574,9333,9710,10944,9501,9749,9405,10866,9027,9529,8994,9520,10560,8923,8414,8750,9738,8658,8454,9205,8837,8958,9597,9725,9315,9098,8702,9573,11266,9479,9914,9262,10694,9354,9861,9517
rsd-time,0.15921503300545736,0.14886289997957647,0.13507220009341836,0.14739579986780882,0.1502364999614656,0.15859430003911257,0.16922210017219186,0.12862440012395382,0.16369610000401735,0.18018809985369444,0.15696340007707477,0.16109930002130568,0.14090330014005303,0.15129149984568357,0.15089070005342364,0.1665022000670433,0.16740979999303818,0.1404401999898255,0.14140600012615323,0.16560029983520508,0.1574003000278026,0.14285359997302294,0.15713960002176464,0.13691410003229976,0.13875769986771047,0.14979119994677603,0.1446427998598665,0.13016800000332296,0.19705180008895695,0.15105980006046593,0.17273230012506247,0.14751740009523928,0.13761459989473224,0.16309239994734526,0.15535779995843768,0.1591060000937432,0.1566760002169758,0.18232639995403588,0.15359060000628233,0.15444010007195175,0.15493660001084208,0.16462239995598793,0.15781720005907118,0.16164279985241592,0.1617860000114888,0.16092190006747842,0.15761950006708503,0.16726800007745624,0.14884739997796714,0.14522600010968745,0.16165230004116893,0.15992069989442825,0.14018850005231798,0.15059700002893806,0.13363280007615685,0.13606379996053874,0.14685640018433332,0.16916720010340214,0.1734178001061082,0.1518614999949932,0.15794539987109601,0.16659929999150336,0.15120019996538758,0.15433400007896125,0.1562971998937428,0.17304799985140562,0.17705210018903017,0.15526520018465817,0.15388000011444092,0.15081599983386695,0.16116819996386766,0.15811049984768033,0.15847170003689826,0.17663810006342828,0.15556640014983714,0.17329820012673736,0.1616900998633355,0.17074729991145432,0.15492239990271628,0.29405219992622733,0.17292720009572804,0.17639899998903275,0.15947420010343194,0.2560401000082493,0.15119349979795516,0.1567557998932898,0.16017739987000823,0.16862399992533028,0.16963529982604086,0.13553859991952777,0.14911420014686882,0.14954689983278513,0.16607960010878742,0.13810710003599524,0.14602169999852777,0.14696739986538887,0.16311360010877252,0.1608055999968201,0.17722910013981164,0.17522330000065267,0.1647497999947518
rsd-comp,1183.49,1282,1204,1166,1169,1159,1287,1010,1256,1231,994,1198,1147,1275,1276,1272,1303,1269,1110,1229,1170,1123,1102,1230,1160,1108,1351,1161,1118,1110,1386,1089,1130,1130,1205,1192,1176,1144,1171,1006,1078,1147,1200,1176,1139,963,1227,1275,1248,1364,1333,1367,1096,1140,1134,1032,1121,1083,1217,1100,1057,1226,1062,1135,1213,1220,1246,1277,1377,1261,1189,1035,1313,1171,1074,1265,1076,1255,1111,1190,1247,1165,1191,1225,999,1141,1236,1215,1120,1182,1136,1190,1325,1257,1316,1217,1287,1165,1090,1237,1116
rsd-comp,6133.05,6232,6154,6116,6118,6109,6237,5960,6206,6180,5944,6148,6096,6225,6226,6222,6253,6219,6059,6179,6120,6072,6052,6180,6109,6057,6301,6110,6068,6060,6336,6039,6080,6079,6154,6142,6125,6093,6120,5955,6028,6097,6150,6125,6088,5912,6177,6224,6198,6312,6282,6317,6045,6090,6083,5982,6071,6032,6166,6050,6006,6175,6012,6084,6162,6169,6195,6227,6327,6210,6139,5985,6263,6121,6023,6215,6025,6205,6060,6140,6197,6114,6141,6175,5948,6091,6185,6165,6070,6132,6085,6140,6275,6207,6266,6166,6236,6114,6040,6186,6065
rpx-time,4.074002258009277,4.681456500198692,3.977443099953234,3.711880800081417,4.28044190001674,3.9153811000287533,4.282039999961853,3.9333452999126166,4.546888899989426,4.135212799999863,3.7524538999423385,4.31499129999429,3.598012699978426,4.389345100149512,4.301646099891514,3.9364810998085886,4.369014000054449,3.9502147999592125,4.444494900060818,3.961486699990928,4.019431099994108,3.7088391999714077,3.645527800079435,3.7968290999997407,3.7885302999056876,3.6957096999976784,3.8974868999794126,4.175071500008926,3.9375880998559296,3.9635302000679076,4.251275399932638,3.459505899809301,4.147424899972975,3.7785438999999315,4.336606099968776,4.115257700206712,3.8371280999854207,4.003011699998751,4.357888299971819,3.681133900070563,3.7081181001849473,4.34589789994061,4.110852400073782,4.280277900164947,4.0764854999724776,3.6580603001639247,4.322573200101033,4.663448099978268,3.798422700027004,4.010416300036013,3.9184588000644,4.029796899994835,3.1609042999334633,3.2053418001160026,3.9384502999018878,3.8077960000373423,3.8851205999962986,3.9921502000652254,4.30953190010041,3.940347099909559,4.168640800053254,4.385206599952653,4.134935900103301,4.250871900003403,4.168348399922252,4.304263400146738,4.395649899961427,4.538595599820837,4.75420939992182,4.242772200144827,4.106205499963835,4.011203399859369,4.789352599997073,4.286911200033501,3.8286838999483734,4.19378269999288,3.7245676999446005,4.935342699987814,4.168763700174168,4.713629100006074,4.370711100054905,4.087925200117752,3.8046277998946607,4.030640699900687,4.115683700190857,3.8392008000519127,3.9708583999890834,4.380448000039905,3.381523000076413,3.3841766000259668,3.8090884999837726,3.5474743000231683,3.9994493999984115,4.339363800128922,3.7618120999541134,3.9044828999321908,4.063944600056857,4.816886499989778,4.688892799895257,4.725890200119466,4.03420770005323
rpx-swap,2436.55,2774,2358,2228,2575,2397,2577,2314,2712,2461,2236,2534,2199,2621,2582,2370,2633,2369,2568,2333,2502,2377,2338,2444,2470,2430,2559,2555,2334,2338,2474,2083,2444,2246,2599,2414,2244,2348,2621,2200,2164,2541,2404,2468,2379,2185,2529,2767,2494,2618,2517,2613,2006,2100,2560,2270,2273,2351,2549,2292,2379,2544,2358,2475,2469,2470,2504,2635,2729,2511,2387,2373,2841,2519,2234,2487,2166,2795,2347,2440,2457,2307,2213,2263,2411,2281,2336,2599,2174,2190,2498,2350,2581,2865,2472,2403,2371,2755,2408,2787,2330
rpx-comp,109218.67,125479,106145,100346,116442,106642,114049,106856,119742,111294,103019,119475,96069,117575,116699,106385,118265,104921,112122,102842,111925,106963,105047,113138,109903,108024,113191,114273,103674,105010,116795,93085,109668,99308,114932,107436,102240,105135,112823,98169,100855,111916,109139,111794,108418,95537,115768,124930,111233,116598,113540,116169,91722,94417,116712,103888,105237,104720,114391,104019,105363,112460,110421,111079,110054,114042,115633,121616,119835,110110,108883,105472,121360,110678,97712,108401,100324,121802,108286,107742,105118,104376,103778,101490,110677,101292,105587,111588,99142,97317,109584,101256,116593,125099,109757,105860,107024,122931,107112,121962,106942
